,Time_col,Value,Total_Good_Reviews,Total_Bad_Reviews,AVG_Review_Score,AVG_Freight_Value,AVG_Delivery_Score,total_customer_orders
0,2016-09-04,136.23,0,1,1.0,31.67,,1
1,2016-09-05,75.06,0,1,1.0,15.56,,1
2,2016-09-13,40.95,0,1,1.0,,,1
3,2016-10-02,109.34,0,1,1.0,9.34,,1
4,2016-10-03,595.14,5,3,3.0,16.4575,1.0,8
5,2016-10-04,11914.65,45,18,3.634920634920635,19.63072463768116,0.9259259259259259,63
6,2016-10-05,10212.22,27,20,3.127659574468085,23.26232142857143,1.0,47
7,2016-10-06,9398.61,35,16,3.450980392156863,20.184827586206897,1.0,51
8,2016-10-07,8255.19,31,15,3.4565217391304346,17.46,1.0,46
9,2016-10-08,9716.130000000001,35,8,3.9302325581395348,20.922666666666665,1.0,42
10,2016-10-09,4152.11,19,7,3.6153846153846154,20.058529411764706,1.0,26
11,2016-10-10,4675.1,32,9,3.7560975609756095,20.020500000000002,1.0,39
12,2016-10-22,61.99,0,1,1.0,,,1
13,2016-12-23,19.62,1,0,5.0,8.72,1.0,1
14,2017-01-05,707.27,32,0,4.90625,9.6990625,1.0,32
15,2017-01-06,988.28,4,0,4.75,17.975,1.0,4
16,2017-01-07,1447.99,2,2,3.0,19.218,0.5,4
17,2017-01-08,809.63,4,2,3.3333333333333335,16.675,1.0,6
18,2017-01-09,774.51,3,2,3.4,16.786666666666665,0.6,5
19,2017-01-10,1571.17,4,2,3.5,22.71666666666667,1.0,6
20,2017-01-11,3062.33,9,3,3.8333333333333335,23.8475,1.0,12
21,2017-01-12,2502.69,10,3,3.8461538461538463,17.874000000000002,0.6666666666666666,13
22,2017-01-13,2903.9700000000003,10,2,4.083333333333333,25.012727272727272,1.0,12
23,2017-01-14,1507.36,14,4,3.4444444444444446,21.493333333333332,0.875,18
24,2017-01-15,2551.34,14,1,4.533333333333333,16.75095238095238,1.0,14
25,2017-01-16,3712.2400000000002,15,4,3.8947368421052633,16.686666666666667,1.0,19
26,2017-01-17,3893.61,31,2,4.2727272727272725,15.975135135135137,1.0,32
27,2017-01-18,4683.38,27,6,3.787878787878788,18.600571428571428,0.9333333333333333,33
28,2017-01-19,4140.16,25,4,4.068965517241379,16.748857142857144,0.9310344827586207,29
29,2017-01-20,4698.07,27,2,4.482758620689655,15.903076923076924,1.0,29
30,2017-01-21,3094.76,20,5,3.76,17.671388888888888,1.0,24
31,2017-01-22,4280.22,27,4,3.903225806451613,15.836363636363638,1.0,31
32,2017-01-23,7553.89,28,11,3.6923076923076925,18.007777777777775,0.8888888888888888,39
33,2017-01-24,6794.5,34,6,4.275,18.826363636363638,1.0,40
34,2017-01-25,10434.31,50,13,3.7936507936507935,19.753333333333334,0.9649122807017544,63
35,2017-01-26,15191.96,77,12,4.269662921348314,19.5397,0.9024390243902439,86
36,2017-01-27,12904.130000000001,51,11,4.080645161290323,17.410526315789475,1.0,62
37,2017-01-28,5909.9800000000005,26,3,4.068965517241379,22.4,1.0,29
38,2017-01-29,7160.66,30,5,4.314285714285714,14.957446808510639,0.875,35
39,2017-01-30,12187.9,47,6,3.981132075471698,14.626666666666667,1.0,53
40,2017-01-31,13021.73,58,13,3.9577464788732395,18.487176470588235,0.8125,70
41,2017-02-01,10310.99,54,19,3.7945205479452055,19.296285714285716,0.9672131147540983,73
42,2017-02-02,10676.539999999999,63,6,4.333333333333333,20.768800000000002,0.9402985074626866,69
43,2017-02-03,11639.19,49,11,3.9833333333333334,20.036290322580644,0.9259259259259259,60
44,2017-02-04,15747.17,57,10,4.074626865671642,24.29236111111111,0.9375,67
45,2017-02-05,10153.24,67,8,4.173333333333333,19.87289156626506,0.972972972972973,75
46,2017-02-06,11626.0,74,11,4.08235294117647,17.56090909090909,0.9487179487179487,85
47,2017-02-07,16627.21,103,11,4.245614035087719,18.745905511811024,0.9814814814814815,112
48,2017-02-08,14299.97,80,15,4.105263157894737,20.895656565656566,0.9759036144578314,95
49,2017-02-09,10844.17,67,11,3.948717948717949,20.16926829268293,0.8904109589041096,77
50,2017-02-10,15674.09,58,8,4.181818181818182,19.531891891891892,0.9365079365079365,66
51,2017-02-11,5648.37,41,8,4.061224489795919,18.148823529411764,0.9111111111111111,49
52,2017-02-12,16682.29,58,6,4.140625,23.033030303030305,0.9672131147540983,64
53,2017-02-13,13092.09,58,20,3.730769230769231,23.87181818181818,0.972972972972973,78
54,2017-02-14,15309.08,60,17,3.8701298701298703,20.611125,0.9393939393939394,76
55,2017-02-15,8326.4,52,10,4.016129032258065,20.02174603174603,1.0,62
56,2017-02-16,7803.72,46,9,4.109090909090909,19.425263157894737,0.9591836734693877,55
57,2017-02-17,8093.57,38,8,4.021739130434782,22.463392857142857,0.9111111111111111,46
58,2017-02-18,9308.3,50,6,4.107142857142857,18.314444444444444,1.0,54
59,2017-02-19,4477.65,27,13,3.4,15.448863636363637,1.0,40
60,2017-02-20,9157.3,53,10,3.9365079365079363,17.76388888888889,0.8305084745762712,63
61,2017-02-21,9333.46,32,9,3.951219512195122,22.29404255319149,0.9487179487179487,41
62,2017-02-22,9393.37,49,16,3.753846153846154,19.10529411764706,0.9245283018867925,63
63,2017-02-23,8571.86,53,6,4.101694915254237,22.312328767123287,0.9298245614035088,59
64,2017-02-24,7983.01,59,5,4.1875,16.664931506849314,0.9,64
65,2017-02-25,5126.18,32,11,3.6511627906976742,17.73304347826087,1.0,43
66,2017-02-26,6583.5,35,11,3.739130434782609,20.188076923076924,0.9047619047619048,46
67,2017-02-27,6836.77,35,8,4.046511627906977,18.625849056603773,0.8536585365853658,43
68,2017-02-28,12582.52,45,10,3.8,20.223283582089554,0.8490566037735849,55
69,2017-03-01,18923.17,87,14,4.0,18.57769911504425,0.9139784946236559,99
70,2017-03-02,13146.36,60,12,4.041666666666667,19.81657894736842,0.9696969696969697,72
71,2017-03-03,14154.71,66,9,4.1466666666666665,19.43375,0.9166666666666666,74
72,2017-03-04,15533.69,69,11,4.0,22.46546511627907,0.9130434782608695,80
73,2017-03-05,8789.14,65,10,4.213333333333333,18.240121951219514,0.8507462686567164,74
74,2017-03-06,13515.12,83,22,3.8666666666666667,18.286578947368422,0.9148936170212766,105
75,2017-03-07,13855.37,74,9,4.108433734939759,18.84816326530612,0.9230769230769231,82
76,2017-03-08,16769.66,67,12,4.050632911392405,22.45431818181818,0.8904109589041096,79
77,2017-03-09,13828.33,75,18,4.010752688172043,18.412894736842105,0.9090909090909091,93
78,2017-03-10,14518.92,78,11,4.280898876404494,21.81868686868687,0.9761904761904762,88
79,2017-03-11,12503.97,60,11,4.0,20.405625,0.9411764705882353,71
80,2017-03-12,7853.18,54,11,4.046153846153846,17.479154929577465,1.0,64
81,2017-03-13,19306.06,93,20,3.9292035398230087,19.898389830508478,0.8269230769230769,111
82,2017-03-14,16542.98,85,14,4.03030303030303,20.169473684210526,0.9157894736842105,99
83,2017-03-15,17364.91,98,11,4.073394495412844,18.31900826446281,0.9207920792079208,108
84,2017-03-16,16653.72,87,16,4.058252427184466,18.739921259842518,0.84,103
85,2017-03-17,13611.28,57,8,4.061538461538461,20.770632911392408,0.9375,65
86,2017-03-18,17943.07,64,9,4.123287671232877,19.541168831168832,0.9436619718309859,73
87,2017-03-19,7728.08,49,7,4.125,18.28372881355932,0.9642857142857143,56
88,2017-03-20,20014.93,102,17,4.025210084033613,19.77015748031496,0.8584070796460177,119
89,2017-03-21,14937.51,84,15,3.95959595959596,17.977047619047617,0.9565217391304348,97
90,2017-03-22,16390.14,92,14,4.273584905660377,18.042377049180327,0.9038461538461539,105
91,2017-03-23,22913.37,102,12,4.12280701754386,18.062537313432838,0.9428571428571428,114
92,2017-03-24,13386.91,64,15,3.962025316455696,17.55976470588235,0.8933333333333333,79
93,2017-03-25,11251.74,63,15,3.769230769230769,19.308588235294117,0.8611111111111112,76
94,2017-03-26,7642.02,55,9,4.0,19.14608695652174,0.8095238095238095,64
95,2017-03-27,20549.29,99,12,4.081081081081081,19.796833333333332,0.9252336448598131,111
96,2017-03-28,14838.58,87,16,4.12621359223301,19.427327586206896,0.8958333333333334,103
97,2017-03-29,10209.11,65,9,4.121621621621622,18.218470588235295,0.9166666666666666,74
98,2017-03-30,11435.0,61,13,4.108108108108108,16.980722891566266,0.9444444444444444,74
99,2017-03-31,13753.279999999999,58,12,4.057142857142857,21.177808219178083,0.855072463768116,70
100,2017-04-01,20574.68,62,6,4.397058823529412,19.66,0.9393939393939394,68
101,2017-04-02,10608.62,60,5,4.476923076923077,18.92205128205128,0.96875,65
102,2017-04-03,10776.9,62,11,3.9863013698630136,18.622298850574715,0.9117647058823529,72
103,2017-04-04,14152.99,84,12,4.197916666666667,16.984770642201834,0.8541666666666666,96
104,2017-04-05,20774.55,86,11,4.360824742268041,18.349117647058826,0.8494623655913979,96
105,2017-04-06,26863.58,79,18,3.9896907216494846,18.853818181818184,0.9130434782608695,96
106,2017-04-07,15043.72,73,12,4.152941176470589,18.156979166666666,0.8292682926829268,85
107,2017-04-08,10290.74,54,14,3.7794117647058822,17.86605633802817,0.84375,68
108,2017-04-09,9689.41,60,13,3.8767123287671232,18.804615384615385,0.9411764705882353,73
109,2017-04-10,13492.1,71,16,3.9655172413793105,18.524105263157896,0.8809523809523809,87
110,2017-04-11,9878.09,64,14,4.038461538461538,17.92940476190476,0.863013698630137,78
111,2017-04-12,9407.94,49,14,3.7777777777777777,18.162727272727274,0.8032786885245902,63
112,2017-04-13,11216.11,52,8,4.116666666666666,23.7890625,0.8666666666666667,60
113,2017-04-14,10515.9,46,8,3.7962962962962963,22.728333333333335,0.9574468085106383,54
114,2017-04-15,9391.56,41,11,3.923076923076923,19.229454545454548,0.7959183673469388,52
115,2017-04-16,6532.21,44,6,3.94,20.36230769230769,0.8723404255319149,49
116,2017-04-17,10765.57,49,16,3.876923076923077,19.836764705882356,0.8275862068965517,65
117,2017-04-18,23433.86,62,9,4.197183098591549,25.561190476190475,0.8591549295774648,71
118,2017-04-19,13941.25,80,18,3.826530612244898,16.408839285714286,0.6989247311827957,97
119,2017-04-20,16056.0,78,21,3.8282828282828283,20.428260869565218,0.8021978021978022,98
120,2017-04-21,10162.6,54,14,3.75,21.457922077922078,0.8787878787878788,68
121,2017-04-22,15005.06,72,13,3.9529411764705884,21.332234042553193,0.8780487804878049,84
122,2017-04-23,11839.91,76,12,4.0227272727272725,18.04802197802198,0.9047619047619048,88
123,2017-04-24,17711.57,94,21,3.9565217391304346,18.974444444444448,0.8,115
124,2017-04-25,17176.35,98,13,4.081081081081081,20.292032520325204,0.8490566037735849,111
125,2017-04-26,18696.09,109,16,4.072,19.414965034965036,0.8688524590163934,125
126,2017-04-27,12455.1,70,10,4.25,20.69485148514851,1.0,80
127,2017-04-28,18063.29,81,17,4.061224489795919,21.044444444444448,0.8736842105263158,98
128,2017-04-29,13835.28,63,11,4.0,20.632441860465114,0.9428571428571428,74
129,2017-04-30,9437.0,58,10,4.161764705882353,18.95549295774648,0.9090909090909091,68
130,2017-05-01,14869.67,102,19,4.008264462809917,16.919847328244273,0.9279279279279279,117
131,2017-05-02,20673.079999999998,106,22,4.0625,19.61448529411765,0.9180327868852459,128
132,2017-05-03,12192.34,88,15,4.155339805825243,18.764144144144147,0.8613861386138614,103
133,2017-05-04,15901.720000000001,99,11,4.218181818181818,18.896803278688523,0.9813084112149533,109
134,2017-05-05,16584.579999999998,93,18,3.90990990990991,19.290650406504064,0.9615384615384616,111
135,2017-05-06,19227.55,99,13,4.214285714285714,18.683622047244096,0.9611650485436893,109
136,2017-05-07,20467.98,93,20,4.008849557522124,21.304583333333333,0.9607843137254902,111
137,2017-05-08,19194.68,113,11,4.330645161290323,20.09965034965035,0.9333333333333333,124
138,2017-05-09,24245.05,112,17,4.131782945736434,19.799155844155845,0.9166666666666666,128
139,2017-05-10,23418.4,105,13,4.169491525423729,18.729112903225804,0.908256880733945,116
140,2017-05-11,21204.04,109,17,4.111111111111111,21.867391304347827,0.8870967741935484,126
141,2017-05-12,15314.46,96,21,3.888888888888889,20.06382113821138,0.8857142857142857,115
142,2017-05-13,10675.67,59,15,3.7837837837837838,19.1079012345679,1.0,73
143,2017-05-14,17551.83,97,15,4.098214285714286,17.993953488372092,0.9074074074074074,112
144,2017-05-15,21907.01,129,30,3.943396226415094,20.227719298245614,0.959731543624161,157
145,2017-05-16,24535.57,134,23,4.095541401273885,18.545465116279072,0.959731543624161,153
146,2017-05-17,21396.33,127,15,4.225352112676056,19.442038216560512,0.9424460431654677,141
147,2017-05-18,20861.79,108,17,4.0,18.652714285714286,0.9516129032258065,125
148,2017-05-19,21525.09,130,19,4.120805369127517,18.571488095238095,0.9571428571428572,144
149,2017-05-20,12364.17,64,8,4.236111111111111,21.52575,0.9714285714285714,72
150,2017-05-21,20368.53,133,17,4.1866666666666665,17.941036585365854,0.9586206896551724,148
151,2017-05-22,28906.6,130,20,4.18,20.9125748502994,0.9586206896551724,148
152,2017-05-23,20622.47,107,18,4.096,19.306027397260273,0.9166666666666666,125
153,2017-05-24,26991.95,135,10,4.310344827586207,20.404654088050314,0.9,142
154,2017-05-25,18420.66,96,12,4.231481481481482,20.024166666666666,0.9607843137254902,108
155,2017-05-26,12680.52,68,12,4.05,19.829462365591397,0.948051948051948,80
156,2017-05-27,16333.54,75,9,4.226190476190476,20.62236559139785,0.948051948051948,83
157,2017-05-28,11120.71,93,5,4.408163265306122,17.40207547169811,0.9795918367346939,98
158,2017-05-29,22225.09,137,24,4.043478260869565,17.49808988764045,0.9602649006622517,160
159,2017-05-30,17074.36,92,13,4.171428571428572,19.79313559322034,0.9387755102040817,105
160,2017-05-31,24063.38,113,16,4.209302325581396,19.950704225352112,0.9491525423728814,129
161,2017-06-01,21781.38,101,24,3.944,18.066764705882353,0.967479674796748,124
162,2017-06-02,21769.38,114,14,4.1875,18.31585185185185,0.967479674796748,127
163,2017-06-03,12265.44,75,14,4.033707865168539,17.97118811881188,0.9090909090909091,89
164,2017-06-04,16029.49,94,8,4.382352941176471,19.20047169811321,0.9595959595959596,102
165,2017-06-05,27400.54,125,25,4.04,17.384110429447855,0.971830985915493,147
166,2017-06-06,17525.09,119,17,4.176470588235294,17.42846153846154,0.96875,134
167,2017-06-07,16072.62,111,19,4.038461538461538,19.894015151515152,0.9016393442622951,129
168,2017-06-08,22106.28,123,17,4.164285714285715,23.82364238410596,0.9552238805970149,137
169,2017-06-09,18738.53,94,15,4.110091743119266,19.98803149606299,1.0,108
170,2017-06-10,9892.1,65,12,3.909090909090909,19.118433734939757,1.0,77
171,2017-06-11,19348.54,104,14,4.203389830508475,18.300555555555555,0.9099099099099099,115
172,2017-06-12,17389.2,110,16,4.198412698412699,16.695704697986578,0.8512396694214877,126
173,2017-06-13,16894.89,112,15,4.21259842519685,18.17985815602837,0.9669421487603306,126
174,2017-06-14,23559.52,116,18,4.08955223880597,19.945034013605444,0.890625,131
175,2017-06-15,15105.26,94,18,4.026785714285714,18.159499999999998,0.941747572815534,108
176,2017-06-16,14777.69,85,13,4.13265306122449,17.804380952380953,0.9148936170212766,97
177,2017-06-17,13070.16,62,13,3.9466666666666668,17.63547619047619,0.9166666666666666,75
178,2017-06-18,19733.69,84,8,4.217391304347826,18.787425742574257,0.9770114942528736,90
179,2017-06-19,25933.44,136,22,4.075949367088608,17.70173184357542,0.9210526315789473,156
180,2017-06-20,14659.82,78,16,3.882978723404255,28.985140186915885,0.9555555555555556,94
181,2017-06-21,7275.1,33,2,4.428571428571429,28.629736842105263,0.8823529411764706,35
182,2017-06-22,10609.039999999999,72,17,4.01123595505618,18.186020408163266,0.8795180722891566,88
183,2017-06-23,15698.5,100,7,4.420560747663552,20.645470085470084,1.0,107
184,2017-06-24,10013.7,66,10,4.092105263157895,20.840123456790124,0.8378378378378378,76
185,2017-06-25,20734.34,94,12,4.169811320754717,26.39452991452991,0.9797979797979798,105
186,2017-06-26,15200.32,65,9,4.148648648648648,21.51277108433735,0.9104477611940298,72
187,2017-06-27,19680.13,124,17,4.156028368794326,18.917320261437908,0.9714285714285714,141
188,2017-06-28,17080.88,104,16,4.133333333333334,18.718984375,0.9316239316239316,120
189,2017-06-29,14694.57,99,15,4.131578947368421,17.25827868852459,0.9272727272727272,114
190,2017-06-30,16236.74,86,9,4.347368421052631,20.758350515463917,0.9354838709677419,95
191,2017-07-01,14139.0,67,14,4.0,21.14095744680851,0.974025974025974,80
192,2017-07-02,14002.37,90,19,4.18348623853211,18.502457627118645,0.9607843137254902,108
193,2017-07-03,19328.18,105,13,4.186440677966102,20.20656488549618,0.9819819819819819,118
194,2017-07-04,18107.6,106,20,4.007936507936508,18.33134328358209,0.9,125
195,2017-07-05,24664.58,121,25,4.068493150684931,20.67067901234568,0.927536231884058,145
196,2017-07-06,26556.07,141,15,4.147435897435898,21.5591975308642,0.9571428571428572,154
197,2017-07-07,16676.75,113,8,4.31404958677686,18.985,1.0,121
198,2017-07-08,12001.35,81,3,4.440476190476191,18.573736263736265,1.0,84
199,2017-07-09,10701.14,77,17,4.0,19.166326530612245,0.9318181818181818,94
200,2017-07-10,20661.8,133,13,4.342465753424658,19.682115384615383,0.8857142857142857,143
201,2017-07-11,24964.63,148,17,4.248484848484848,19.873804347826088,0.9620253164556962,165
202,2017-07-12,22740.8,127,26,4.026143790849673,19.6605421686747,0.9310344827586207,153
203,2017-07-13,17986.75,120,19,4.0215827338129495,22.295161290322582,0.9236641221374046,137
204,2017-07-14,21833.26,134,16,4.14,18.381607142857142,0.9864864864864865,149
205,2017-07-15,13128.05,88,10,4.214285714285714,19.620535714285715,0.9587628865979382,98
206,2017-07-16,16150.23,95,19,4.017543859649122,17.457027027027028,0.8878504672897196,114
207,2017-07-17,25799.54,146,25,4.087719298245614,19.63180412371134,0.9259259259259259,168
208,2017-07-18,32450.89,165,31,4.081632653061225,17.946045454545455,0.925531914893617,192
209,2017-07-19,20411.75,133,20,4.1568627450980395,18.509298245614037,0.9594594594594594,153
210,2017-07-20,22517.84,128,16,4.1875,19.26720238095238,0.9424460431654677,142
211,2017-07-21,15870.789999999999,102,17,4.142857142857143,17.83824427480916,0.9285714285714286,115
212,2017-07-22,13318.54,82,9,4.0989010989010985,18.432970297029705,0.9540229885057471,88
213,2017-07-23,14066.83,94,12,4.245283018867925,17.64588785046729,0.9801980198019802,105
214,2017-07-24,22950.01,146,20,4.186746987951807,17.764,0.8980891719745223,162
215,2017-07-25,20884.7,129,24,4.052287581699346,18.017134502923977,0.9448275862068966,153
216,2017-07-26,14053.84,119,10,4.395348837209302,18.04280821917808,0.9487179487179487,124
217,2017-07-27,18945.82,111,14,4.216,21.993840579710145,0.9504132231404959,124
218,2017-07-28,23276.3,119,13,4.378787878787879,21.131633986928104,0.9538461538461539,132
219,2017-07-29,18371.91,92,23,4.0,18.520307692307693,0.926605504587156,115
220,2017-07-30,15341.69,105,13,4.186440677966102,18.437,0.9824561403508771,117
221,2017-07-31,20479.91,134,16,4.16,19.071024096385543,0.9440559440559441,148
222,2017-08-01,25417.36,143,23,4.180722891566265,19.828594594594595,0.9130434782608695,165
223,2017-08-02,21690.260000000002,127,30,3.968152866242038,17.298081395348838,0.9463087248322147,157
224,2017-08-03,22380.55,139,10,4.369127516778524,18.635722891566267,0.9583333333333334,148
225,2017-08-04,21712.53,129,14,4.265734265734266,20.29807453416149,0.9424460431654677,142
226,2017-08-05,14465.84,105,11,4.336206896551724,19.991507936507936,0.9646017699115044,115
227,2017-08-06,17023.39,93,18,4.081081081081081,22.8194262295082,0.9238095238095239,109
228,2017-08-07,26629.34,143,16,4.352201257861635,18.524725274725274,0.9490445859872612,157
229,2017-08-08,21541.13,134,12,4.335616438356165,18.024654088050315,0.9178082191780822,146
230,2017-08-09,24214.39,125,19,4.25,20.257763975155278,0.9714285714285714,144
231,2017-08-10,23594.02,144,18,4.277777777777778,18.78022346368715,0.922077922077922,157
232,2017-08-11,23627.11,126,16,4.176056338028169,20.003414634146342,0.9548872180451128,141
233,2017-08-12,16221.09,88,11,4.151515151515151,20.49287037037037,0.9340659340659341,98
234,2017-08-13,15928.58,84,12,4.197916666666667,19.79137614678899,0.9555555555555556,96
235,2017-08-14,22232.12,146,15,4.254658385093168,19.499034090909092,0.9738562091503268,159
236,2017-08-15,27992.04,175,22,4.253807106598985,20.06385714285714,0.946236559139785,194
237,2017-08-16,28398.61,152,24,4.2102272727272725,19.553236714975846,0.927710843373494,174
238,2017-08-17,21885.09,139,21,4.2,20.000236686390533,0.9215686274509803,158
239,2017-08-18,20143.72,130,20,4.206666666666667,18.086625,0.9432624113475178,147
240,2017-08-19,15172.92,95,13,4.111111111111111,17.568515625,0.9622641509433962,108
241,2017-08-20,15073.71,93,12,4.2,17.638898305084744,0.9805825242718447,104
242,2017-08-21,26019.72,161,19,4.266666666666667,17.92627358490566,0.9418604651162791,177
243,2017-08-22,19955.45,124,15,4.237410071942446,19.393478260869564,0.9555555555555556,138
244,2017-08-23,18789.7,96,16,4.196428571428571,17.21632911392405,0.9459459459459459,112
245,2017-08-24,16398.73,117,12,4.217054263565892,18.33146853146853,0.9512195121951219,128
246,2017-08-25,17403.72,106,19,4.064,16.595555555555556,0.8803418803418803,123
247,2017-08-26,12054.65,82,11,4.21505376344086,19.322828282828283,0.9775280898876404,93
248,2017-08-27,16327.14,103,18,4.107438016528926,20.472587412587412,0.9652173913043478,119
249,2017-08-28,25696.59,142,15,4.350318471337579,20.07017441860465,0.9333333333333333,155
250,2017-08-29,37025.7,126,12,4.188405797101449,21.091677419354838,0.8962962962962963,137
251,2017-08-30,35466.27,165,19,4.309782608695652,20.33580808080808,0.9653179190751445,181
252,2017-08-31,23914.85,130,19,4.228187919463087,17.578372093023255,0.9020979020979021,149
253,2017-09-01,32485.27,135,25,4.03125,21.735792349726776,0.9084967320261438,158
254,2017-09-02,20479.18,100,4,4.538461538461538,19.919661016949153,0.9803921568627451,104
255,2017-09-03,30950.78,118,8,4.388888888888889,22.220985915492957,0.983739837398374,125
256,2017-09-04,28719.24,131,21,4.2105263157894735,21.411428571428573,0.9183673469387755,150
257,2017-09-05,24954.68,134,23,4.057324840764331,19.59900552486188,0.9735099337748344,157
258,2017-09-06,28821.83,120,20,4.05,20.364458598726113,0.8695652173913043,140
259,2017-09-07,21328.86,92,8,4.3,21.185192307692304,0.9381443298969072,99
260,2017-09-08,14789.08,104,14,4.288135593220339,19.849172932330827,0.9099099099099099,116
261,2017-09-09,17681.22,93,15,4.064814814814815,21.79176470588235,0.941747572815534,106
262,2017-09-10,20978.6,120,16,4.1911764705882355,19.807434210526317,0.8636363636363636,136
263,2017-09-11,27103.89,164,18,4.291208791208791,18.69880829015544,0.9318181818181818,180
264,2017-09-12,32784.96,174,33,4.048309178743962,20.905450819672133,0.84,206
265,2017-09-13,32054.37,180,27,4.115942028985507,18.79127192982456,0.8522167487684729,207
266,2017-09-14,26502.51,142,24,4.024096385542169,19.9229797979798,0.852760736196319,166
267,2017-09-15,21556.66,130,21,4.119205298013245,19.293393939393937,0.8888888888888888,150
268,2017-09-16,24040.31,111,18,4.054263565891473,21.116350364963505,0.84,129
269,2017-09-17,22848.42,109,18,4.125984251968504,20.931029411764705,0.872,126
270,2017-09-18,32535.23,149,34,4.103825136612022,18.56623853211009,0.7988826815642458,183
271,2017-09-19,23478.66,133,22,4.103225806451613,18.814022346368716,0.8657718120805369,154
272,2017-09-20,26170.079999999998,143,20,4.251533742331288,21.013903743315506,0.9113924050632911,163
273,2017-09-21,22458.19,126,24,4.1466666666666665,19.56056818181818,0.9583333333333334,150
274,2017-09-22,19200.25,127,16,4.216783216783217,18.168692810457514,0.9699248120300752,138
275,2017-09-23,12574.83,78,11,4.101123595505618,19.396868686868686,1.0,88
276,2017-09-24,15880.06,102,17,4.235294117647059,19.90274193548387,0.9642857142857143,118
277,2017-09-25,21203.05,124,14,4.195652173913044,19.20448051948052,0.9844961240310077,136
278,2017-09-26,25296.36,166,15,4.3812154696132595,18.16204081632653,0.9195402298850575,180
279,2017-09-27,24879.94,132,15,4.27891156462585,19.74890804597701,0.9583333333333334,147
280,2017-09-28,26629.3,129,14,4.20979020979021,18.69442424242424,0.9571428571428572,143
281,2017-09-29,34497.47,103,19,4.090163934426229,20.929185185185187,0.908256880733945,121
282,2017-09-30,14879.17,92,17,4.155963302752293,18.280666666666665,1.0,109
283,2017-10-01,21909.43,114,16,4.123076923076923,21.29765517241379,0.9516129032258065,128
284,2017-10-02,25565.11,125,18,4.104895104895105,20.564156626506026,0.9714285714285714,143
285,2017-10-03,30389.12,173,27,4.115,19.58967889908257,0.9481865284974094,198
286,2017-10-04,24787.58,147,11,4.2974683544303796,20.99345029239766,0.9871794871794872,157
287,2017-10-05,29129.829999999998,112,28,3.892857142857143,21.124619883040936,0.927536231884058,140
288,2017-10-06,21890.58,106,24,3.976923076923077,18.920844155844154,0.8870967741935484,130
289,2017-10-07,17975.41,89,16,4.0285714285714285,20.277692307692305,0.88,105
290,2017-10-08,19756.3,119,11,4.269230769230769,21.05897810218978,1.0,126
291,2017-10-09,35265.57,163,31,4.072164948453608,20.85982062780269,0.9037433155080213,193
292,2017-10-10,32559.07,159,26,4.075675675675676,18.516165048543687,0.8628571428571429,185
293,2017-10-11,26214.78,137,24,4.130434782608695,18.24174157303371,0.9072847682119205,158
294,2017-10-12,22520.93,121,22,4.020979020979021,21.816772151898736,0.9411764705882353,143
295,2017-10-13,26589.92,136,19,4.103225806451613,21.35890909090909,0.8933333333333333,154
296,2017-10-14,16185.460000000001,107,10,4.222222222222222,20.755,0.9298245614035088,116
297,2017-10-15,21353.84,104,17,4.090909090909091,18.59343065693431,0.9316239316239316,121
298,2017-10-16,35315.42,164,32,4.127551020408164,20.033053097345135,0.9042553191489362,195
299,2017-10-17,35288.18,180,24,4.166666666666667,19.615830115830114,0.8564102564102564,202
300,2017-10-18,31793.670000000002,156,23,4.212290502793296,19.031704035874437,0.9318181818181818,179
301,2017-10-19,26988.8,148,29,3.937853107344633,18.902051282051282,0.9302325581395349,176
302,2017-10-20,21979.2,106,20,4.0476190476190474,22.418931297709925,0.9322033898305084,124
303,2017-10-21,18022.3,97,18,3.9391304347826086,20.7225,0.9423076923076923,113
304,2017-10-22,23273.05,133,27,4.1125,18.942637362637363,0.8947368421052632,158
305,2017-10-23,25993.41,139,24,4.012269938650307,18.822328042328042,0.9473684210526315,161
306,2017-10-24,25739.27,151,13,4.2926829268292686,19.0020207253886,0.8888888888888888,164
307,2017-10-25,21470.53,143,15,4.272151898734177,18.85690058479532,0.9473684210526315,156
308,2017-10-26,26415.55,125,19,4.083333333333333,20.919664804469274,0.8857142857142857,144
309,2017-10-27,23488.17,116,17,4.067669172932331,17.787628205128204,0.8923076923076924,133
310,2017-10-28,20572.64,79,10,4.168539325842697,25.14298969072165,0.9529411764705882,88
311,2017-10-29,20444.68,114,19,4.157894736842105,18.8490625,0.9224806201550387,132
312,2017-10-30,23741.86,127,24,4.066225165562914,18.400295857988166,0.8115942028985508,149
313,2017-10-31,27058.22,137,23,4.03125,15.636752577319589,0.8974358974358975,160
314,2017-11-01,22702.16,97,14,4.261261261261262,21.128976377952757,0.9259259259259259,111
315,2017-11-02,25017.16,102,22,3.9516129032258065,19.442827586206896,0.9316239316239316,124
316,2017-11-03,27058.52,123,20,4.062937062937063,18.88816568047337,0.9565217391304348,143
317,2017-11-04,22294.81,94,19,4.061946902654867,23.153629629629627,0.9245283018867925,111
318,2017-11-05,21752.57,126,22,4.074324324324325,22.064876543209877,0.9562043795620438,144
319,2017-11-06,33945.14,164,29,4.0310880829015545,21.767081339712917,0.8791208791208791,193
320,2017-11-07,24945.21,139,22,4.124223602484472,21.361638418079096,0.8961038961038961,160
321,2017-11-08,23436.7,147,28,4.04,20.21291457286432,0.893491124260355,175
322,2017-11-09,29175.829999999998,162,29,4.06282722513089,17.25695067264574,0.9230769230769231,191
323,2017-11-10,23676.7,138,27,3.933333333333333,17.511554404145077,0.8867924528301887,165
324,2017-11-11,27578.63,139,20,4.050314465408805,19.30782857142857,0.9078947368421053,159
325,2017-11-12,26725.08,154,21,4.148571428571429,18.505645161290325,0.9176470588235294,174
326,2017-11-13,29606.24,177,30,4.096618357487923,21.030936170212765,0.8477157360406091,205
327,2017-11-14,32012.6,158,35,3.9740932642487046,19.401756756756754,0.7934782608695652,192
328,2017-11-15,27683.35,154,33,3.962566844919786,17.754444444444445,0.8977272727272727,186
329,2017-11-16,33063.27,199,27,4.1946902654867255,18.090544747081715,0.8447488584474886,226
330,2017-11-17,35386.84,159,39,3.909090909090909,22.147111111111112,0.8486486486486486,197
331,2017-11-18,27968.57,125,26,4.006622516556291,23.228538011695907,0.7872340425531915,149
332,2017-11-19,23312.6,144,16,4.29375,19.074147727272727,0.7961783439490446,158
333,2017-11-20,50621.24,188,44,3.896551724137931,22.066412213740456,0.7351598173515982,230
334,2017-11-21,39831.85,188,41,3.986899563318777,19.22298449612403,0.6396396396396397,228
335,2017-11-22,30721.62,160,43,3.832512315270936,20.872761506276152,0.7052631578947368,201
336,2017-11-23,52584.62,218,69,3.731707317073171,20.19815476190476,0.7238805970149254,283
337,2017-11-24,179200.03,915,270,3.7248945147679327,18.831544655929722,0.6530078465562337,1176
338,2017-11-25,71897.01,376,130,3.6363636363636362,18.85289655172414,0.5811088295687885,499
339,2017-11-26,53939.87,313,82,3.7848101265822787,18.157719298245613,0.643979057591623,391
340,2017-11-27,56966.28,312,98,3.7146341463414636,18.39913502109705,0.6354430379746835,403
341,2017-11-28,56708.409999999996,303,77,3.8815789473684212,19.401206496519723,0.6549865229110512,380
342,2017-11-29,48043.16,249,74,3.721362229102167,19.663497267759563,0.6305732484076433,323
343,2017-11-30,37026.73,217,51,3.9365671641791047,17.950338983050848,0.8,267
344,2017-12-01,46080.84,230,49,3.917562724014337,19.204839743589744,0.7827715355805244,275
345,2017-12-02,35908.51,174,43,3.834101382488479,19.170425531914894,0.7641509433962265,216
346,2017-12-03,34803.19,181,53,3.8547008547008548,18.944444444444443,0.788546255506608,234
347,2017-12-04,56225.41,271,66,3.908011869436202,18.730623306233063,0.7391304347826086,337
348,2017-12-05,40707.77,226,56,3.9468085106382977,18.353095975232197,0.7843866171003717,282
349,2017-12-06,46149.63,235,50,3.943859649122807,20.036560509554143,0.7992565055762082,280
350,2017-12-07,33664.2,186,43,3.965065502183406,18.93035019455253,0.8026905829596412,229
351,2017-12-08,35160.82,174,45,3.863013698630137,19.04962025316456,0.7714285714285715,219
352,2017-12-09,23639.52,132,25,3.9426751592356686,21.249882352941178,0.8441558441558441,155
353,2017-12-10,29784.26,160,31,4.015706806282722,19.129219512195125,0.8586956521739131,190
354,2017-12-11,39415.43,225,44,3.9479553903345725,18.327837837837837,0.8931297709923665,267
355,2017-12-12,40370.39,208,54,3.885496183206107,17.249728813559322,0.8167330677290837,260
356,2017-12-13,34385.08,185,37,3.981981981981982,18.249427480916033,0.9162790697674419,218
357,2017-12-14,30754.31,166,34,3.975,19.975069767441862,0.8871794871794871,200
358,2017-12-15,31451.63,162,30,3.9635416666666665,19.564567307692307,0.8918918918918919,192
359,2017-12-16,22907.05,111,20,4.091603053435114,18.13041666666667,0.9069767441860465,131
360,2017-12-17,22106.0,117,17,4.149253731343284,18.50059602649007,0.9384615384615385,133
361,2017-12-18,33898.13,178,31,4.162679425837321,19.950643776824034,0.8829268292682927,209
362,2017-12-19,24494.28,156,21,4.231638418079096,17.47412935323383,0.861271676300578,176
363,2017-12-20,32004.68,146,26,4.0,20.643571428571427,0.8928571428571429,171
364,2017-12-21,21546.44,122,22,4.041666666666667,18.97903846153846,0.8857142857142857,143
365,2017-12-22,18073.47,95,16,4.126126126126126,17.895590551181105,0.9074074074074074,111
366,2017-12-23,16425.64,88,21,3.926605504587156,20.85747899159664,0.7623762376237624,109
367,2017-12-24,6960.79,51,8,4.1525423728813555,19.383548387096774,1.0,59
368,2017-12-25,12662.23,79,13,4.076086956521739,22.583069306930692,0.8604651162790697,90
369,2017-12-26,23797.46,147,21,4.220238095238095,17.89121546961326,0.9515151515151515,168
370,2017-12-27,21074.29,145,22,4.2395209580838324,18.082119565217393,0.9512195121951219,167
371,2017-12-28,17793.85,126,20,4.123287671232877,17.48127388535032,0.9020979020979021,146
372,2017-12-29,20552.64,117,19,4.154411764705882,18.032649006622517,0.9393939393939394,135
373,2017-12-30,15412.61,78,19,3.917525773195876,19.87814814814815,0.9375,97
374,2017-12-31,10190.93,64,10,4.054054054054054,19.208589743589744,0.971830985915493,74
375,2018-01-01,8486.29,63,11,4.013513513513513,17.82358024691358,0.9166666666666666,74
376,2018-01-02,29494.74,172,32,4.083333333333333,17.577296137339054,0.97,204
377,2018-01-03,37154.62,189,36,4.044444444444444,19.673522267206476,0.9269406392694064,225
378,2018-01-04,40998.15,225,35,4.1,18.26158273381295,0.8951612903225806,258
379,2018-01-05,32341.95,176,38,4.0046728971962615,18.471188524590165,0.9086294416243654,210
380,2018-01-06,32711.84,182,34,4.00462962962963,19.269806201550388,0.9530516431924883,216
381,2018-01-07,33993.48,172,24,4.13265306122449,20.386863636363636,0.9583333333333334,196
382,2018-01-08,45310.6,253,41,4.1020408163265305,19.324101796407184,0.9372822299651568,293
383,2018-01-09,35440.0,218,35,4.138339920948616,18.942720588235293,0.926829268292683,252
384,2018-01-10,44824.93,235,42,4.046931407942238,20.004384858044165,0.8819188191881919,277
385,2018-01-11,46746.38,234,33,4.164794007490637,20.575540983606558,0.9461538461538461,266
386,2018-01-12,37270.23,200,46,3.894308943089431,20.92968309859155,0.9145299145299145,243
387,2018-01-13,33222.38,191,31,4.121621621621622,19.116333333333333,0.95260663507109,219
388,2018-01-14,35993.46,203,37,4.008333333333334,17.56468253968254,0.8864628820960698,235
389,2018-01-15,45208.29,259,48,4.052117263843648,19.554205882352942,0.9,307
390,2018-01-16,51339.38,249,55,3.9210526315789473,18.941436464088397,0.8513513513513513,302
391,2018-01-17,42151.92,244,38,4.088652482269503,20.174366666666668,0.8989169675090253,282
392,2018-01-18,33038.69,204,40,4.028688524590164,18.19204379562044,0.8813559322033898,241
393,2018-01-19,35649.63,186,51,3.7974683544303796,20.190304182509507,0.84,235
394,2018-01-20,26960.0,158,27,4.118918918918919,21.96947115384615,0.8241758241758241,184
395,2018-01-21,28447.420000000002,158,41,3.8894472361809047,19.07962441314554,0.8191489361702128,199
396,2018-01-22,43867.89,255,62,3.914826498422713,17.726543909348443,0.8491803278688524,314
397,2018-01-23,40298.33,219,45,4.090909090909091,18.49,0.828125,262
398,2018-01-24,37025.23,202,43,3.869387755102041,19.18520295202952,0.7457627118644068,244
399,2018-01-25,35335.98,197,38,3.9659574468085106,19.074943396226413,0.8849557522123894,233
400,2018-01-26,39308.94,189,41,3.9304347826086956,19.872830188679245,0.8834080717488789,229
401,2018-01-27,25106.77,128,26,3.9935064935064934,17.552514285714285,0.9066666666666666,153
402,2018-01-28,27804.9,134,22,4.1923076923076925,20.27660714285714,0.9194630872483222,156
403,2018-01-29,36056.52,206,40,3.930894308943089,19.170034602076125,0.8099173553719008,246
404,2018-01-30,35523.61,211,50,3.9233716475095783,18.446900958466454,0.7983870967741935,258
405,2018-01-31,37891.63,227,32,4.173745173745174,17.77419014084507,0.9123505976095617,256
406,2018-02-01,35767.92,203,30,4.133047210300429,20.054440298507462,0.8942731277533039,232
407,2018-02-02,32532.45,169,44,3.868544600938967,18.694921875,0.8454106280193237,212
408,2018-02-03,27572.17,174,20,4.201030927835052,19.722296650717702,0.9259259259259259,193
409,2018-02-04,28261.91,175,28,4.103448275862069,19.039144144144142,0.9289340101522843,201
410,2018-02-05,43196.97,225,48,3.978021978021978,18.645750798722045,0.8415094339622642,271
411,2018-02-06,40066.42,216,54,3.862962962962963,19.091133333333335,0.8931297709923665,268
412,2018-02-07,36529.71,214,37,4.051792828685259,17.76007067137809,0.8760330578512396,248
413,2018-02-08,31911.01,191,43,3.905982905982906,17.70984251968504,0.7955555555555556,230
414,2018-02-09,35374.19,181,39,3.959090909090909,18.192401746724894,0.7788461538461539,216
415,2018-02-10,25265.32,149,32,3.9668508287292816,19.34984615384615,0.8390804597701149,179
416,2018-02-11,26129.46,129,44,3.606936416184971,18.2925,0.7333333333333333,172
417,2018-02-12,27990.55,174,46,3.7363636363636363,17.1952,0.7102803738317757,218
418,2018-02-13,29024.170000000002,182,46,3.912280701754386,17.059961977186312,0.7695852534562212,224
419,2018-02-14,43643.36,261,43,4.0625,18.143478260869564,0.7909407665505227,295
420,2018-02-15,39224.75,223,64,3.7526132404181185,17.91253164556962,0.725925925925926,283
421,2018-02-16,31867.47,166,50,3.7037037037037037,19.506693877551022,0.7333333333333333,214
422,2018-02-17,29611.55,163,42,3.8292682926829267,19.9184375,0.7474747474747475,204
423,2018-02-18,29071.93,166,37,3.9113300492610836,19.10025641025641,0.7085427135678392,202
424,2018-02-19,33735.96,209,51,3.8807692307692307,18.797694915254237,0.6428571428571429,259
425,2018-02-20,42706.69,236,55,3.8487972508591066,18.93711111111111,0.7597173144876325,289
426,2018-02-21,38017.26,205,65,3.7666666666666666,17.823451612903227,0.6,266
427,2018-02-22,38784.23,203,82,3.5403508771929824,16.497872928176793,0.6044776119402985,279
428,2018-02-23,33072.96,182,61,3.7901234567901234,17.87792307692308,0.6293103448275862,235
429,2018-02-24,28341.36,148,47,3.682051282051282,19.30598086124402,0.5,191
430,2018-02-25,34930.88,173,69,3.524793388429752,21.290408921933086,0.5411255411255411,237
431,2018-02-26,50433.96,206,94,3.433333333333333,19.045269461077844,0.45517241379310347,299
432,2018-02-27,47076.99,215,92,3.462540716612378,18.605956284153006,0.5017064846416383,298
433,2018-02-28,52321.74,229,87,3.588607594936709,18.854692737430167,0.5445544554455446,313
434,2018-03-01,46747.4,200,80,3.482142857142857,20.689050632911393,0.4701492537313433,277
435,2018-03-02,37550.31,187,84,3.4428044280442807,18.47217821782178,0.3969465648854962,266
436,2018-03-03,31781.79,162,55,3.6129032258064515,21.61808695652174,0.4634146341463415,214
437,2018-03-04,37479.8,174,66,3.529166666666667,19.63636,0.4649122807017544,236
438,2018-03-05,45635.61,178,87,3.3547169811320754,22.34620253164557,0.46825396825396826,264
439,2018-03-06,45971.24,190,82,3.5,22.28609836065574,0.44776119402985076,271
440,2018-03-07,42513.19,189,71,3.5884615384615386,21.914429065743942,0.48031496062992124,259
441,2018-03-08,33842.12,181,56,3.70042194092827,20.826849816849816,0.5682819383259912,234
442,2018-03-09,33823.07,153,52,3.5707317073170732,23.19244541484716,0.5736040609137056,204
443,2018-03-10,31105.0,138,55,3.4870466321243523,21.482383177570092,0.5351351351351351,193
444,2018-03-11,36618.35,163,55,3.614678899082569,22.167029288702928,0.4883720930232558,218
445,2018-03-12,35930.89,168,66,3.6538461538461537,20.41023166023166,0.4298245614035088,232
446,2018-03-13,42179.58,172,55,3.6387665198237884,22.61248148148148,0.576036866359447,227
447,2018-03-14,28417.25,151,50,3.6517412935323383,20.404468085106384,0.5384615384615384,199
448,2018-03-15,51935.36,218,74,3.6232876712328768,21.81223241590214,0.5661764705882353,290
449,2018-03-16,38760.36,183,71,3.5196850393700787,20.440758620689653,0.6198347107438017,252
450,2018-03-17,24000.21,142,38,3.85,20.51497382198953,0.6022727272727273,180
451,2018-03-18,36076.38,181,36,4.032258064516129,21.36659482758621,0.7251184834123223,215
452,2018-03-19,52707.31,229,75,3.7532894736842106,21.684590163934427,0.658703071672355,303
453,2018-03-20,42887.93,246,54,3.9766666666666666,20.512787356321837,0.726027397260274,297
454,2018-03-21,46482.09,242,45,4.059233449477352,21.33184126984127,0.8050541516245487,286
455,2018-03-22,36989.79,201,53,3.8464566929133857,19.832364864864864,0.7751004016064257,254
456,2018-03-23,34817.72,186,35,4.018099547511312,19.59734375,0.8755980861244019,221
457,2018-03-24,27711.420000000002,136,29,4.0181818181818185,20.76005291005291,0.803680981595092,165
458,2018-03-25,30192.8,159,31,3.9368421052631577,20.511061946902654,0.7446808510638298,190
459,2018-03-26,42745.23,231,41,4.044117647058823,19.30209375,0.7669172932330827,272
460,2018-03-27,40633.58,207,38,4.1020408163265305,20.407058823529415,0.7907949790794979,245
461,2018-03-28,35150.72,179,41,3.8636363636363638,19.435206611570248,0.8,220
462,2018-03-29,33564.47,151,43,3.716494845360825,20.696160714285714,0.7553191489361702,194
463,2018-03-30,26279.75,132,33,3.933333333333333,22.632108108108106,0.7668711656441718,165
464,2018-03-31,29121.4,130,40,3.8411764705882354,19.945284974093266,0.7073170731707317,168
465,2018-04-01,34189.0,168,39,3.927536231884058,20.656637931034485,0.8407960199004975,207
466,2018-04-02,48076.45,239,43,4.074468085106383,23.160331325301204,0.7226277372262774,282
467,2018-04-03,42187.32,216,31,4.149797570850202,20.874551971326166,0.8189300411522634,247
468,2018-04-04,43567.82,218,40,4.046511627906977,19.460243902439025,0.8809523809523809,257
469,2018-04-05,42219.17,239,27,4.2706766917293235,20.671174496644294,0.9157088122605364,266
470,2018-04-06,32285.36,156,33,3.962962962962963,21.129577464788735,0.9447513812154696,189
471,2018-04-07,29014.86,139,26,4.072727272727272,19.008097826086956,0.9130434782608695,164
472,2018-04-08,27883.61,161,24,4.113513513513514,21.322850241545893,0.8907103825136612,185
473,2018-04-09,55782.82,229,25,4.311023622047244,22.324448275862068,0.912,253
474,2018-04-10,32535.28,171,31,4.034653465346534,20.193506493506494,0.9081632653061225,201
475,2018-04-11,47204.47,235,39,4.124087591240876,20.71451612903226,0.9236641221374046,274
476,2018-04-12,39945.38,223,34,4.175097276264592,19.556409395973155,0.9446640316205533,255
477,2018-04-13,36440.53,175,27,4.133663366336633,21.86020661157025,0.9593908629441624,202
478,2018-04-14,22397.87,125,22,4.0,20.652151162790698,0.9172413793103448,146
479,2018-04-15,36564.19,192,31,4.098654708520179,22.856628787878787,0.9360730593607306,223
480,2018-04-16,47364.65,244,36,4.2,21.7100625,0.927536231884058,280
481,2018-04-17,42814.25,234,33,4.194756554307116,19.066945337620577,0.9147286821705426,266
482,2018-04-18,46308.65,237,43,4.114285714285714,21.660380952380955,0.8745387453874539,280
483,2018-04-19,50326.53,257,38,4.16271186440678,18.549408450704224,0.9442508710801394,293
484,2018-04-20,32841.64,173,24,4.16751269035533,18.832489082969435,0.96875,197
485,2018-04-21,22465.89,138,18,4.2243589743589745,20.70739644970414,0.922077922077922,156
486,2018-04-22,31991.79,171,29,4.18,19.918068669527898,0.949748743718593,200
487,2018-04-23,44363.29,247,39,4.13986013986014,20.331398176291792,0.9222614840989399,285
488,2018-04-24,49905.02,232,39,4.1402214022140225,21.93337620578778,0.9622641509433962,271
489,2018-04-25,47356.49,255,29,4.257042253521127,19.81760124610592,0.942652329749104,284
490,2018-04-26,36912.77,227,27,4.326771653543307,17.963979591836733,0.928,254
491,2018-04-27,46764.3,219,23,4.202479338842975,21.08957894736842,0.9071729957805907,242
492,2018-04-28,26978.52,144,25,4.005917159763314,17.895078534031413,0.891566265060241,169
493,2018-04-29,23060.95,148,24,4.058139534883721,19.41090425531915,0.8809523809523809,171
494,2018-04-30,41036.61,213,27,4.291666666666667,18.7859649122807,0.9574468085106383,240
495,2018-05-01,39274.26,221,35,4.1484375,19.053718411552346,0.9285714285714286,256
496,2018-05-02,44908.63,260,37,4.2592592592592595,18.308554572271387,0.8885017421602788,296
497,2018-05-03,50218.85,276,29,4.304918032786885,19.826190476190476,0.9333333333333333,305
498,2018-05-04,45494.1,238,27,4.271698113207547,18.6510355987055,0.9465648854961832,265
499,2018-05-05,32640.67,163,34,4.050761421319797,19.46470588235294,0.8958333333333334,197
500,2018-05-06,33099.31,181,30,4.104265402843602,18.451083333333333,0.9223300970873787,211
501,2018-05-07,62568.25,332,41,4.233243967828418,19.697695961995247,0.8842975206611571,372
502,2018-05-08,55129.38,291,41,4.234939759036145,18.305291005291004,0.9009287925696594,331
503,2018-05-09,51096.82,299,46,4.16231884057971,18.82530612244898,0.8567164179104477,344
504,2018-05-10,58871.87,246,33,4.17921146953405,22.129014925373134,0.8681318681318682,279
505,2018-05-11,43346.5,208,39,4.129554655870446,18.98176056338028,0.8114754098360656,247
506,2018-05-12,34883.12,177,30,4.057971014492754,21.373347280334727,0.87,207
507,2018-05-13,36320.07,185,22,4.154589371980676,19.873048780487807,0.9024390243902439,207
508,2018-05-14,62230.73,323,41,4.170329670329671,20.310750605326877,0.7746478873239436,364
509,2018-05-15,49505.99,307,45,4.1960227272727275,19.8254609929078,0.7816091954022989,352
510,2018-05-16,64742.06,310,48,4.120111731843576,20.82600985221675,0.7549857549857549,357
511,2018-05-17,36258.36,196,33,4.0524017467248905,17.493203125,0.6785714285714286,228
512,2018-05-18,36429.77,206,32,4.050420168067227,17.358339350180508,0.7758620689655172,236
513,2018-05-19,28319.73,121,18,4.093525179856115,18.45230769230769,0.7956204379562044,139
514,2018-05-20,23086.12,134,27,3.950310559006211,18.226979166666666,0.7215189873417721,161
515,2018-05-21,30619.94,175,31,4.077669902912621,17.83225941422594,0.7989949748743719,206
516,2018-05-22,32070.66,170,29,4.115577889447236,18.434353448275864,0.8769230769230769,199
517,2018-05-23,20262.3,122,10,4.340909090909091,18.408266666666666,0.9545454545454546,132
518,2018-05-24,22278.7,106,8,4.385964912280702,16.933923076923076,0.9823008849557522,114
519,2018-05-25,18286.32,96,8,4.413461538461538,17.566015625,0.9805825242718447,104
520,2018-05-26,16914.09,89,10,4.363636363636363,18.232068965517243,0.9797979797979798,99
521,2018-05-27,14693.68,88,12,4.17,19.378839285714285,1.0,100
522,2018-05-28,30304.95,134,9,4.356643356643357,20.16164705882353,1.0,143
523,2018-05-29,29441.329999999998,138,11,4.322147651006712,22.30375722543353,1.0,149
524,2018-05-30,22529.07,126,14,4.307142857142857,21.387612903225804,1.0,140
525,2018-05-31,28156.52,123,11,4.268656716417911,20.857808219178082,0.9848484848484849,133
526,2018-06-01,37284.05,164,20,4.141304347826087,23.619668246445496,0.9782608695652174,184
527,2018-06-02,28939.99,122,20,4.204225352112676,23.249177215189874,0.9858156028368794,142
528,2018-06-03,33024.44,170,23,4.233160621761658,20.31447004608295,1.0,192
529,2018-06-04,34326.4,204,21,4.377777777777778,22.108527131782946,1.0,225
530,2018-06-05,36471.22,177,23,4.245,22.468166666666665,0.9795918367346939,200
531,2018-06-06,32176.98,195,33,4.0701754385964914,21.81436823104693,0.973568281938326,227
532,2018-06-07,42676.38,189,34,4.0358744394618835,22.53378486055777,0.9910313901345291,223
533,2018-06-08,31797.2,169,29,4.1313131313131315,21.054658119658118,0.9381443298969072,198
534,2018-06-09,34033.78,157,16,4.323699421965318,24.524427083333332,0.9763313609467456,172
535,2018-06-10,30295.41,167,26,4.124352331606218,21.367321428571426,0.9578947368421052,193
536,2018-06-11,57345.56,263,31,4.295918367346939,22.614142011834318,0.9387755102040817,294
537,2018-06-12,46762.43,217,30,4.242914979757085,22.199409722222224,0.9344262295081968,246
538,2018-06-13,41586.61,223,36,4.2007722007722,22.85137704918033,0.9762845849802372,259
539,2018-06-14,32707.21,199,13,4.466981132075472,21.95194092827004,0.990521327014218,212
540,2018-06-15,31498.76,167,19,4.236559139784946,23.355023923444975,0.978021978021978,186
541,2018-06-16,29000.08,144,21,4.315151515151515,24.768531073446326,0.9876543209876543,165
542,2018-06-17,20751.52,141,11,4.434210526315789,19.629657142857145,0.9735099337748344,152
543,2018-06-18,41027.07,232,14,4.495934959349594,22.598924731182798,0.9835390946502057,246
544,2018-06-19,40013.6,211,20,4.402597402597403,20.625555555555557,0.9736842105263158,231
545,2018-06-20,34330.26,192,25,4.299539170506913,22.056892430278882,1.0,217
546,2018-06-21,33301.99,207,27,4.213675213675214,21.206098484848486,0.9655172413793104,234
547,2018-06-22,28753.149999999998,162,17,4.268156424581005,19.15480582524272,0.9887005649717514,179
548,2018-06-23,21181.11,132,19,4.225165562913907,21.39063953488372,0.9865771812080537,151
549,2018-06-24,29498.57,184,15,4.391959798994975,23.238440366972476,0.9696969696969697,199
550,2018-06-25,42008.02,218,23,4.352697095435684,20.442704626334518,0.9747899159663865,241
551,2018-06-26,37673.67,213,30,4.234567901234568,22.80469178082192,1.0,243
552,2018-06-27,32920.9,196,19,4.372093023255814,24.730246913580245,0.9812206572769953,215
553,2018-06-28,38773.74,217,26,4.246913580246914,23.12352112676056,0.9748953974895398,243
554,2018-06-29,25098.69,155,21,4.221590909090909,23.478223350253806,0.9766081871345029,174
555,2018-06-30,18621.71,109,15,4.266129032258065,23.32244604316547,1.0,124
556,2018-07-01,29060.7,143,18,4.298136645962733,25.221666666666664,1.0,161
557,2018-07-02,29422.43,186,10,4.474489795918367,28.865483870967743,0.9896373056994818,195
558,2018-07-03,31454.600000000002,203,13,4.449074074074074,21.536778242677823,0.9532710280373832,216
559,2018-07-04,41579.8,230,28,4.282945736434108,20.441896551724138,0.9760956175298805,256
560,2018-07-05,33949.5,169,26,4.076923076923077,23.25859728506787,0.9689119170984456,195
561,2018-07-06,22108.67,113,8,4.3884297520661155,23.87023076923077,0.9666666666666667,121
562,2018-07-07,11277.24,86,5,4.472527472527473,21.788910891089106,1.0,91
563,2018-07-08,17554.72,103,19,4.10655737704918,21.387414965986395,0.9491525423728814,122
564,2018-07-09,23122.170000000002,129,19,4.243243243243243,22.5146835443038,0.8904109589041096,148
565,2018-07-10,22694.45,110,24,4.097014925373134,23.325827814569536,0.8914728682170543,134
566,2018-07-11,22148.64,106,21,3.9921259842519685,24.96993103448276,0.8373983739837398,127
567,2018-07-12,35228.7,102,22,3.9516129032258065,28.73390625,0.8461538461538461,124
568,2018-07-13,32635.24,143,25,4.095238095238095,25.71142105263158,0.9640718562874252,168
569,2018-07-14,26427.02,135,16,4.23841059602649,26.0583125,0.9014084507042254,148
570,2018-07-15,34489.4,126,26,4.065789473684211,26.658143712574848,0.8918918918918919,152
571,2018-07-16,37854.66,214,32,4.215447154471545,24.506969696969698,0.9159663865546218,245
572,2018-07-17,35758.42,197,25,4.184684684684685,21.87266393442623,0.8888888888888888,221
573,2018-07-18,51392.43,295,19,4.474522292993631,22.91370588235294,0.9602649006622517,307
574,2018-07-19,44911.25,217,40,4.11284046692607,21.622508710801394,0.9598393574297188,253
575,2018-07-20,38131.01,212,38,4.144,21.011881533101043,0.9352226720647774,250
576,2018-07-21,25508.97,174,14,4.430851063829787,21.098557692307693,0.9565217391304348,187
577,2018-07-22,32962.26,192,24,4.37037037037037,21.435555555555556,0.9624413145539906,215
578,2018-07-23,48104.33,271,36,4.260586319218241,23.240345821325647,0.912751677852349,307
579,2018-07-24,48154.03,240,32,4.279411764705882,21.642508250825085,0.9545454545454546,271
580,2018-07-25,47917.71,241,27,4.332089552238806,22.920764525993885,0.9393939393939394,268
581,2018-07-26,41784.74,227,20,4.327935222672065,22.6993006993007,0.9590163934426229,247
582,2018-07-27,33331.12,167,22,4.2063492063492065,22.96009259259259,0.956989247311828,189
583,2018-07-28,30168.170000000002,157,19,4.2272727272727275,23.11904761904762,0.9883720930232558,176
584,2018-07-29,36468.26,170,18,4.303191489361702,23.858767772511847,0.9230769230769231,188
585,2018-07-30,46288.01,252,36,4.128472222222222,21.613333333333333,0.8129496402877698,288
586,2018-07-31,54652.1,279,43,4.192546583850931,21.44816976127321,0.8722044728434505,322
587,2018-08-01,48850.81,264,47,4.135048231511254,22.700951008645532,0.8104575163398693,311
588,2018-08-02,45932.7,252,50,4.049668874172186,21.319642857142856,0.7671232876712328,302
589,2018-08-03,49517.59,263,51,4.063694267515924,21.447838616714698,0.8116883116883117,314
590,2018-08-04,41239.97,208,37,4.16734693877551,20.8607299270073,0.8389830508474576,245
591,2018-08-05,42272.07,246,30,4.231884057971015,21.436891025641028,0.7992565055762082,276
592,2018-08-06,65860.43000000001,318,54,4.172043010752688,21.937279069767442,0.7355371900826446,372
593,2018-08-07,62057.77,311,59,4.027027027027027,21.149419953596286,0.7110481586402266,370
594,2018-08-08,51463.76,284,32,4.199367088607595,22.298416666666668,0.864516129032258,316
595,2018-08-09,47261.68,258,31,4.280276816608996,20.79062111801242,0.8642857142857143,289
596,2018-08-10,40690.26,223,33,4.12890625,22.98716417910448,0.8795180722891566,256
597,2018-08-11,31277.25,168,20,4.24468085106383,21.31851851851852,0.9459459459459459,188
598,2018-08-12,36739.75,179,18,4.269035532994923,22.975947136563878,0.93717277486911,197
599,2018-08-13,48163.76,266,26,4.359589041095891,22.62859813084112,0.9295774647887324,292
600,2018-08-14,51574.67,279,37,4.2025316455696204,21.282251461988302,0.8585209003215434,316
601,2018-08-15,53322.7,260,28,4.274305555555555,21.402555205047317,0.900709219858156,288
602,2018-08-16,42581.08,299,22,4.361370716510903,18.545892351274787,0.9367088607594937,320
603,2018-08-17,40872.77,234,24,4.375968992248062,20.44401384083045,0.9598393574297188,257
604,2018-08-18,29695.07,179,19,4.3232323232323235,21.15121359223301,0.9689119170984456,198
605,2018-08-19,29989.35,194,10,4.446078431372549,19.819070796460174,0.9705882352941176,204
606,2018-08-20,40352.47,238,18,4.46484375,18.983639575971733,0.9282868525896414,256
607,2018-08-21,31479.9,230,13,4.407407407407407,17.47143410852713,0.9243697478991597,243
608,2018-08-22,24401.84,173,14,4.411764705882353,18.358703703703704,0.9783783783783784,187
609,2018-08-23,19737.72,132,12,4.409722222222222,15.588136645962733,0.9859154929577465,144
610,2018-08-24,11450.76,85,14,4.191919191919192,14.357094017094017,0.9583333333333334,99
611,2018-08-25,11737.76,64,5,4.449275362318841,15.177999999999999,1.0,69
612,2018-08-26,9304.0,67,6,4.4520547945205475,15.395731707317074,1.0,73
613,2018-08-27,6229.95,61,6,4.402985074626866,10.784507042253521,1.0,67
614,2018-08-28,5216.72,37,7,4.090909090909091,9.940222222222221,1.0,44
615,2018-08-29,2381.83,11,3,3.9285714285714284,13.54125,1.0,14
616,2018-08-30,705.04,2,2,2.75,,,4
617,2018-08-31,63.89,1,0,5.0,,,1
618,2018-09-03,458.64,1,3,1.5,21.46,,4
619,2018-09-06,2443.2000000000003,2,1,3.3333333333333335,,,3
620,2018-09-10,51.17,0,1,1.0,,,1
621,2018-09-11,258.67,0,1,1.0,,,1
622,2018-09-12,84.58,0,1,2.0,,,1
623,2018-09-13,414.04,0,1,1.0,,,1
624,2018-09-17,84.58,0,1,2.0,,,1
625,2018-09-20,191.46,0,1,2.0,,,1
626,2018-09-25,221.54,0,1,1.0,,,1
627,2018-09-26,94.63,0,1,1.0,,,1
628,2018-09-29,137.03,0,1,1.0,,,1
629,2018-10-01,80.38,0,1,2.0,,,1
630,2018-10-03,197.55,0,1,1.0,,,1
631,2018-10-16,222.03,1,0,5.0,,,1
632,2018-10-17,89.71,0,1,1.0,,,1
633,2016-09-15,,0,1,1.0,2.83,-1.0,1
